{"cameraMode":{"drawMode":0,"name":"Shaded","section":"Shading Mode"},"sceneLighting":false,"audioPlay":false,"sceneViewState":{"showFog":true,"showMaterialUpdate":false,"showSkybox":true,"showFlares":true,"showImageEffects":true,"showParticleSystems":true},"in2DMode":false,"pivot":{"x":2.5,"y":1.3157192468643189,"z":0.7203352451324463},"rotation":{"x":-0.2632542848587036,"y":-0.005788546055555344,"z":0.0015795641811564565,"w":-0.9647078514099121},"size":5.689510345458984,"orthographic":false}