{"cameraMode":{"drawMode":0,"name":"Shaded","section":"Shading Mode"},"sceneLighting":false,"audioPlay":false,"sceneViewState":{"showFog":true,"showMaterialUpdate":false,"showSkybox":true,"showFlares":true,"showImageEffects":true,"showParticleSystems":true},"in2DMode":false,"pivot":{"x":12.906095504760743,"y":0.8894094824790955,"z":-0.2491016387939453},"rotation":{"x":-0.08467328548431397,"y":-0.053779587149620059,"z":0.004576786421239376,"w":-0.9949460029602051},"size":2.2022294998168947,"orthographic":false}