{"cameraMode":{"drawMode":0,"name":"Shaded","section":"Shading Mode"},"sceneLighting":false,"audioPlay":false,"sceneViewState":{"showFog":true,"showMaterialUpdate":true,"showSkybox":false,"showFlares":true,"showImageEffects":true,"showParticleSystems":true},"in2DMode":false,"pivot":{"x":1.80657958984375,"y":3.2080078125,"z":0.31640625},"rotation":{"x":-0.03867361694574356,"y":0.01947971247136593,"z":0.0007542036473751068,"w":0.9990659356117249},"size":7.704833984375,"orthographic":true}