{"cameraMode":{"drawMode":0,"name":"Shaded","section":"Shading Mode"},"sceneLighting":false,"audioPlay":false,"sceneViewState":{"showFog":true,"showMaterialUpdate":true,"showSkybox":true,"showFlares":true,"showImageEffects":true,"showParticleSystems":true},"in2DMode":false,"pivot":{"x":-35.6097412109375,"y":-2.693174123764038,"z":12.517847061157227},"rotation":{"x":-0.050833236426115039,"y":0.19937995076179505,"z":-0.010357290506362915,"w":-0.9785481095314026},"size":42.22500991821289,"orthographic":false}