{"cameraMode":{"drawMode":3,"name":"Shadow Cascades","section":"Miscellaneous"},"sceneLighting":true,"audioPlay":false,"sceneViewState":{"showFog":true,"showMaterialUpdate":false,"showSkybox":true,"showFlares":true,"showImageEffects":true,"showParticleSystems":true},"in2DMode":false,"pivot":{"x":587.6546020507813,"y":280.8623352050781,"z":188.6787109375},"rotation":{"x":0.0014999608974903823,"y":0.011999676004052163,"z":-0.000017996198948821984,"w":0.9999268651008606},"size":900.7506713867188,"orthographic":false}