{"cameraMode":{"drawMode":0,"name":"Shaded","section":"Shading Mode"},"sceneLighting":false,"audioPlay":false,"sceneViewState":{"showFog":true,"showMaterialUpdate":true,"showSkybox":true,"showFlares":true,"showImageEffects":true,"showParticleSystems":true},"in2DMode":false,"pivot":{"x":-12.827645301818848,"y":2.126145362854004,"z":4.137548446655273},"rotation":{"x":0.16124610602855683,"y":-0.10578148812055588,"z":0.017385954037308694,"w":0.9810748100280762},"size":32.694095611572269,"orthographic":false}