{"cameraMode":{"drawMode":0,"name":"Shaded","section":"Shading Mode"},"sceneLighting":false,"audioPlay":false,"sceneViewState":{"showFog":true,"showMaterialUpdate":true,"showSkybox":true,"showFlares":true,"showImageEffects":true,"showParticleSystems":true},"in2DMode":false,"pivot":{"x":307.7400207519531,"y":372.8000183105469,"z":0.0},"rotation":{"x":-0.0008999668643809855,"y":0.002999582327902317,"z":-0.0000027570827114686837,"w":-0.9999951124191284},"size":840.076416015625,"orthographic":false}