{"cameraMode":{"drawMode":0,"name":"Shaded","section":"Shading Mode"},"sceneLighting":false,"audioPlay":false,"sceneViewState":{"showFog":true,"showMaterialUpdate":false,"showSkybox":true,"showFlares":true,"showImageEffects":true,"showParticleSystems":true},"in2DMode":false,"pivot":{"x":0.26132896542549136,"y":0.5026543140411377,"z":3.561178684234619},"rotation":{"x":-0.15327507257461549,"y":-0.014822138473391533,"z":0.0022992820013314487,"w":-0.9880697727203369},"size":9.491604804992676,"orthographic":false}